RECTYPE,LEA,ESTAB,URN,SCHNAME,SCHNAME_AC,ADDRESS1,ADDRESS2,ADDRESS3,TOWN,PCODE,TELNUM,PCON_CODE,PCON_NAME,CONTFLAG,ICLOSE,NFTYPE,RELDENOM,ADMPOL,ADMPOL_PT,EGENDER,FEEDER,TABKS2,TAB1618,AGERANGE,CONFEXAM,TOTPUPS,NUMBOYS,NUMGIRLS,TPUP,BPUP,PBPUP,GPUP,PGPUP,KS2APS,TPRIORLO,PTPRIORLO,TPRIORAV,PTPRIORAV,TPRIORHI,PTPRIORHI,TFSM6CLA1A,PTFSM6CLA1A,TNOTFSM6CLA1A,PTNOTFSM6CLA1A,TEALGRP2,PTEALGRP2,TEALGRP1,PTEALGRP1,TEALGRP3,PTEALGRP3,TNMOB,PTNMOB,SENSE4,PSENSE4,SENAPK4,PSENAPK4,SEN_ALL,PSEN_ALL,TOTATT8,ATT8SCR,TOTATT8ENG,ATT8SCRENG,TOTATT8MAT,ATT8SCRMAT,TOTATT8EBAC,ATT8SCREBAC,TOTATT8OPEN,ATT8SCROPEN,TOTATT8OPENG,ATT8SCROPENG,TOTATT8OPENNG,ATT8SCROPENNG,AVGEBACFILL,AVGOPENFILL,P8PUP,TP8ADJ,P8MEACOV,P8MEA,P8CILOW,P8CIUPP,P8MEA_ORIG,P8CILOW_ORIG,P8CIUPP_ORIG,P8MEAENG,P8MEAENG_CILOW,P8MEAENG_CIUPP,P8MEAMAT,P8MEAMAT_CILOW,P8MEAMAT_CIUPP,P8MEAEBAC,P8MEAEBAC_CILOW,P8MEAEBAC_CIUPP,P8MEAOPEN,P8MEAOPEN_CILOW,P8MEAOPEN_CIUPP,PTL2BASICS_94,PTL2BASICS_95,TOTEBACCAPS,EBACCAPS,EBACCAPS_FSM6CLA1A,EBACCAPS_NFSM6CLA1A,EBACCAPS_LO,EBACCAPS_AV,EBACCAPS_HI,EBACCAPS_EAL,EBACCAPS_GIRLS,EBACCAPS_BOYS,EBACCAPS_NMOB,EBACCAPS_18,EBACCAPS_FSM6CLA1A_18,EBACCAPS_NFSM6CLA1A_18,TEBACC_E_PTQ_EE,PTEBACC_E_PTQ_EE,PTEBACC_94,PTEBACC_95,TEBACENG_E_PTQ_EE,PTEBACENG_E_PTQ_EE,TEBACMAT_E_PTQ_EE,PTEBACMAT_E_PTQ_EE,TEBAC2SCI_E_PTQ_EE,PTEBAC2SCI_E_PTQ_EE,TEBACHUM_E_PTQ_EE,PTEBACHUM_E_PTQ_EE,TEBACLAN_E_PTQ_EE,PTEBACLAN_E_PTQ_EE,PTEBACENG_94,PTEBACENG_95,PTEBACMAT_94,PTEBACMAT_95,PTEBAC2SCI_94,PTEBAC2SCI_95,PTEBACHUM_94,PTEBACHUM_95,PTEBACLAN_94,PTEBACLAN_95,SCIVACOV_PTQ_EE,HUMVACOV_PTQ_EE,LANVACOV_PTQ_EE,SCIVAMEA_PTQ_EE,SCIVALOW_PTQ_EE,SCIVAUPP_PTQ_EE,HUMVAMEA_PTQ_EE,HUMVALOW_PTQ_EE,HUMVAUPP_PTQ_EE,LANVAMEA_PTQ_EE,LANVALOW_PTQ_EE,LANVAUPP_PTQ_EE,TEBACENG_94,TEBACENG_95,TEBACMAT_94,TEBACMAT_95,TEBAC2SCI_94,TEBAC2SCI_95,TEBACHUM_94,TEBACHUM_95,TEBACLAN_94,TEBACLAN_95,TEBACC91,PTEBACC91,TEBACENG91,PTEBACENG91,TEBACMAT91,PTEBACMAT91,TEBAC2SCI91,PTEBAC2SCI91,TEBACHUM91,PTEBACHUM91,TEBACLAN91,PTEBACLAN91,ATT8SCR_FSM6CLA1A,P8PUP_FSM6CLA1A,TP8ADJ_FSM6CLA1A,P8MEA_FSM6CLA1A,P8CILOW_FSM6CLA1A,P8CIUPP_FSM6CLA1A,P8MEA_FSM6CLA1A_ORIG,P8CILOW_FSM6CLA1A_ORIG,P8CIUPP_FSM6CLA1A_ORIG,ATT8SCR_NFSM6CLA1A,P8PUP_NFSM6CLA1A,TP8ADJ_NFSM6CLA1A,P8MEA_NFSM6CLA1A,P8CILOW_NFSM6CLA1A,P8CIUPP_NFSM6CLA1A,P8MEA_NFSM6CLA1A_ORIG,P8CILOW_NFSM6CLA1A_ORIG,P8CIUPP_NFSM6CLA1A_ORIG,ATT8SCRENG_FSM6CLA1A,P8MEAENG_FSM6CLA1A,P8MEAENG_CILOW_FSM6CLA1A,P8MEAENG_CIUPP_FSM6CLA1A,ATT8SCRMAT_FSM6CLA1A,P8MEAMAT_FSM6CLA1A,P8MEAMAT_CILOW_FSM6CLA1A,P8MEAMAT_CIUPP_FSM6CLA1A,ATT8SCREBAC_FSM6CLA1A,P8MEAEBAC_FSM6CLA1A,P8MEAEBAC_CILOW_FSM6CLA1A,P8MEAEBAC_CIUPP_FSM6CLA1A,ATT8SCROPEN_FSM6CLA1A,P8MEAOPEN_FSM6CLA1A,P8MEAOPEN_CILOW_FSM6CLA1A,P8MEAOPEN_CIUPP_FSM6CLA1A,ATT8SCRENG_NFSM6CLA1A,P8MEAENG_NFSM6CLA1A,P8MEAENG_CILOW_NFSM6CLA1A,P8MEAENG_CIUPP_NFSM6CLA1A,ATT8SCRMAT_NFSM6CLA1A,P8MEAMAT_NFSM6CLA1A,P8MEAMAT_CILOW_NFSM6CLA1A,P8MEAMAT_CIUPP_NFSM6CLA1A,ATT8SCREBAC_NFSM6CLA1A,P8MEAEBAC_NFSM6CLA1A,P8MEAEBAC_CILOW_NFSM6CLA1A,P8MEAEBAC_CIUPP_NFSM6CLA1A,ATT8SCROPEN_NFSM6CLA1A,P8MEAOPEN_NFSM6CLA1A,P8MEAOPEN_CILOW_NFSM6CLA1A,P8MEAOPEN_CIUPP_NFSM6CLA1A,ATT8SCROPENG_FSM6CLA1A,ATT8SCROPENNG_FSM6CLA1A,ATT8SCROPENG_NFSM6CLA1A,ATT8SCROPENNG_NFSM6CLA1A,DIFFN_ATT8,DIFFN_P8MEA,ATT8SCR_LO,P8PUP_LO,TP8ADJ_LO,P8MEA_LO,P8CILOW_LO,P8CIUPP_LO,P8MEA_LO_ORIG,P8CILOW_LO_ORIG,P8CIUPP_LO_ORIG,ATT8SCR_AV,P8PUP_AV,TP8ADJ_AV,P8MEA_AV,P8CILOW_AV,P8CIUPP_AV,P8MEA_AV_ORIG,P8CILOW_AV_ORIG,P8CIUPP_AV_ORIG,ATT8SCR_HI,P8PUP_HI,TP8ADJ_HI,P8MEA_HI,P8CILOW_HI,P8CIUPP_HI,P8MEA_HI_ORIG,P8CILOW_HI_ORIG,P8CIUPP_HI_ORIG,ATT8SCR_EAL,ATT8SCRENG_EAL,ATT8SCRMAT_EAL,ATT8SCREBAC_EAL,ATT8SCROPEN_EAL,ATT8SCROPENG_EAL,ATT8SCROPENNG_EAL,P8PUP_EAL,TP8ADJ_EAL,P8MEA_EAL,P8CILOW_EAL,P8CIUPP_EAL,P8MEA_EAL_ORIG,P8CILOW_EAL_ORIG,P8CIUPP_EAL_ORIG,ATT8SCR_GIRLS,ATT8SCRENG_GIRLS,ATT8SCRMAT_GIRLS,ATT8SCREBAC_GIRLS,ATT8SCROPEN_GIRLS,ATT8SCROPENG_GIRLS,ATT8SCROPENNG_GIRLS,P8PUP_GIRLS,TP8ADJ_GIRLS,P8MEA_GIRLS,P8CILOW_GIRLS,P8CIUPP_GIRLS,P8MEA_GIRLS_ORIG,P8CILOW_GIRLS_ORIG,P8CIUPP_GIRLS_ORIG,ATT8SCR_BOYS,ATT8SCRENG_BOYS,ATT8SCRMAT_BOYS,ATT8SCREBAC_BOYS,ATT8SCROPEN_BOYS,ATT8SCROPENG_BOYS,ATT8SCROPENNG_BOYS,P8PUP_BOYS,TP8ADJ_BOYS,P8MEA_BOYS,P8CILOW_BOYS,P8CIUPP_BOYS,P8MEA_BOYS_ORIG,P8CILOW_BOYS_ORIG,P8CIUPP_BOYS_ORIG,ATT8SCR_NMOB,ATT8SCRENG_NMOB,ATT8SCRMAT_NMOB,ATT8SCREBAC_NMOB,ATT8SCROPEN_NMOB,ATT8SCROPENG_NMOB,ATT8SCROPENNG_NMOB,P8PUP_NMOB,TP8ADJ_NMOB,P8MEA_NMOB,P8CILOW_NMOB,P8CIUPP_NMOB,P8MEA_NMOB_ORIG,P8CILOW_NMOB_ORIG,P8CIUPP_NMOB_ORIG,ATT8SCR_17,P8PUP_17,P8MEA_17,P8CILOW_17,P8CIUPP_17,ATT8SCR_FSM6CLA1A_17,P8PUP_FSM6CLA1A_17,P8MEA_FSM6CLA1A_17,P8CILOW_FSM6CLA1A_17,P8CIUPP_FSM6CLA1A_17,ATT8SCR_NFSM6CLA1A_17,P8PUP_NFSM6CLA1A_17,P8MEA_NFSM6CLA1A_17,P8CILOW_NFSM6CLA1A_17,P8CIUPP_NFSM6CLA1A_17,ATT8SCR_18,P8PUP_18,P8MEA_18,P8CILOW_18,P8CIUPP_18,ATT8SCR_FSM6CLA1A_18,P8PUP_FSM6CLA1A_18,P8MEA_FSM6CLA1A_18,P8CILOW_FSM6CLA1A_18,P8CIUPP_FSM6CLA1A_18,ATT8SCR_NFSM6CLA1A_18,P8PUP_NFSM6CLA1A_18,P8MEA_NFSM6CLA1A_18,P8CILOW_NFSM6CLA1A_18,P8CIUPP_NFSM6CLA1A_18,TEBACC_ELO_PTQ_EE,PTEBACC_ELO_PTQ_EE,PTEBACCLO_94,PTEBACCLO_95,TEBACC_EAV_PTQ_EE,PTEBACC_EAV_PTQ_EE,PTEBACCAV_94,PTEBACCAV_95,TEBACC_EHI_PTQ_EE,PTEBACC_EHI_PTQ_EE,PTEBACCHI_94,PTEBACCHI_95,PTEBACC_EFSM6CLA1A_PTQ_EE,PTEBACC_ENFSM6CLA1A_PTQ_EE,PTEBACC_94_FSM6CLA1A,PTEBACC_95_FSM6CLA1A,PTEBACC_94_NFSM6CLA1A,PTEBACC_95_NFSM6CLA1A,SCIVAMEA_LO_PTQ_EE,SCIVAMEA_AV_PTQ_EE,SCIVAMEA_HI_PTQ_EE,SCIVAMEA_FSM6CLA1A_PTQ_EE,SCIVAMEA_NFSM6CLA1A_PTQ_EE,HUMVAMEA_LO_PTQ_EE,HUMVAMEA_AV_PTQ_EE,HUMVAMEA_HI_PTQ_EE,HUMVAMEA_FSM6CLA1A_PTQ_EE,HUMVAMEA_NFSM6CLA1A_PTQ_EE,LANVAMEA_LO_PTQ_EE,LANVAMEA_AV_PTQ_EE,LANVAMEA_HI_PTQ_EE,LANVAMEA_FSM6CLA1A_PTQ_EE,LANVAMEA_NFSM6CLA1A_PTQ_EE,SCIVAUPP_FSM6CLA1A_PTQ_EE,SCIVALOW_FSM6CLA1A_PTQ_EE,SCIVAUPP_NFSM6CLA1A_PTQ_EE,SCIVALOW_NFSM6CLA1A_PTQ_EE,SCIVAUPP_LO_PTQ_EE,SCIVALOW_LO_PTQ_EE,SCIVAUPP_AV_PTQ_EE,SCIVALOW_AV_PTQ_EE,SCIVAUPP_HI_PTQ_EE,SCIVALOW_HI_PTQ_EE,HUMVAUPP_FSM6CLA1A_PTQ_EE,HUMVALOW_FSM6CLA1A_PTQ_EE,HUMVAUPP_NFSM6CLA1A_PTQ_EE,HUMVALOW_NFSM6CLA1A_PTQ_EE,HUMVAUPP_LO_PTQ_EE,HUMVALOW_LO_PTQ_EE,HUMVAUPP_AV_PTQ_EE,HUMVALOW_AV_PTQ_EE,HUMVAUPP_HI_PTQ_EE,HUMVALOW_HI_PTQ_EE,LANVAUPP_FSM6CLA1A_PTQ_EE,LANVALOW_FSM6CLA1A_PTQ_EE,LANVAUPP_NFSM6CLA1A_PTQ_EE,LANVALOW_NFSM6CLA1A_PTQ_EE,LANVAUPP_LO_PTQ_EE,LANVALOW_LO_PTQ_EE,LANVAUPP_AV_PTQ_EE,LANVALOW_AV_PTQ_EE,LANVAUPP_HI_PTQ_EE,LANVALOW_HI_PTQ_EE,PTEBACC_E_17_PTQ_EE,PTEBACC_94_17,PTEBACC_95_17,PTEBACC_E_18_PTQ_EE,PTEBACC_94_18,PTEBACC_95_18,PBEBACC_E_PTQ_EE,PBEBACC_94,PBEBACC_95,PGEBACC_E_PTQ_EE,PGEBACC_94,PGEBACC_95,PTEBACC_ENMOB_PTQ_EE,PTEBACCNMOB_94,PTEBACCNMOB_95,PTEBACC_EEAL_PTQ_EE,PTEBACCEAL_94,PTEBACCEAL_95,PTEBACC_EFSM6CLA1A_17,PTEBACC_94_FSM6CLA1A_17,PTEBACC_95_FSM6CLA1A_17,PTEBACC_ENFSM6CLA1A_17,PTEBACC_94_NFSM6CLA1A_17,PTEBACC_95_NFSM6CLA1A_17,PTEBACC_EFSM6CLA1A_18,PTEBACC_94_FSM6CLA1A_18,PTEBACC_95_FSM6CLA1A_18,PTEBACC_ENFSM6CLA1A_18,PTEBACC_94_NFSM6CLA1A_18,PTEBACC_95_NFSM6CLA1A_18,PT5EM_94,PT5EM_94_17,PT5EM_94_18,PTANYQ_PTQ_EE,PTL2BASICS_94_17,PTL2BASICS_95_17,PTL2BASICS_94_18,PTL2BASICS_95_18,PTFSM6CLA1ABASICS_94,PTNOTFSM6CLA1ABASICS_94,TBASICSLO_94,PTBASICSLO_94,TBASICSAV_94,PTBASICSAV_94,TBASICSHI_94,PTBASICSHI_94,PBL2BASICS_94,PGL2BASICS_94,PTL2BASICSEAL_94,PTL2BASICSNMOB_94,PTFSM6CLA1ABASICS_95,PTNOTFSM6CLA1ABASICS_95,TBASICSLO_95,PTBASICSLO_95,TBASICSAV_95,PTBASICSAV_95,TBASICSHI_95,PTBASICSHI_95,PBL2BASICS_95,PGL2BASICS_95,PTL2BASICSEAL_95,PTL2BASICSNMOB_95,PTFSM6CLA1ABASICS_94_17,PTFSM6CLA1ABASICS_95_17,PTNOTFSMBASICS_94_17,PTNOTFSM6CLA1ABASICS_95_17,PTFSM6CLA1ABASICS_94_18,PTFSM6CLA1ABASICS_95_18,PTNOTFSM6CLA1ABASICS_94_18,PTNOTFSM6CLA1ABASICS_95_18,PTmultiLan_E,PTtripleSci_E,TFSM6CLA1A_17,PTFSM6CLA1A_17,TNOTFSM6CLA1A_17,PTNOTFSM6CLA1A_17,TFSM6CLA1A_18,PTFSM6CLA1A_18,TNOTFSM6CLA1A_18,PTNOTFSM6CLA1A_18,TAVENT_E_3NG_PTQ_EE,TAVENT_E_3NG_LO_PTQ_EE,TAVENT_E_3NG_AV_PTQ_EE,TAVENT_E_3NG_HI_PTQ_EE,TAVENT_E_3NG_FSM6CLA1A_PTQ_EE,TAVENT_E_3NG_NFSM6CLA1A_PTQ_EE,TAVENT_EFSM6CLA1A_17_PTQ_EE,TAVENT_ENFSM6CLA1A_17_PTQ_EE,TAVENT_EFSM6CLA1A_18_PTQ_EE,TAVENT_ENFSM6CLA1A_18_PTQ_EE,TAVENT_G_PTQ_EE,TAVENT_GLO_PTQ_EE,TAVENT_GAV_PTQ_EE,TAVENT_GHI_PTQ_EE,TAVENT_GFSM6CLA1A_PTQ_EE,TAVENT_GNFSM6CLA1A_PTQ_EE,TAVENT_GFSM6CLA1A_17_PTQ_EE,TAVENT_GNFSM6CLA1A_17_PTQ_EE,TAVENT_GFSM6CLA1A_18_PTQ_EE,TAVENT_GNFSM6CLA1A_18_PTQ_EE,P8_BANDING
1,890,4005,145863,Armfield Academy,,Lytham Road,,,Blackpool,FY4 1JG,01253207702,E14000573,Blackpool South,0,0,F,None,NR,OTHER NON SEL,MIXED,0,1,0,3-16,R,231,126,105,,,,,,,,,,,,,,,,,,,,,,,,,,,,,,,,,,,,,,,,,,,,,,,,,,,,,,,,,,,,,,,,,,,,,,,,,,,,,,,,,NA,NA,NA,,,,,,,,,,,,,,,,,,,,,,,,,,,,,,,,,,,,,,,,,,,,,,,,,,,,,,,,,,,,,,,,,,,,,,,,,,,,,,,,,,,,,,,,,,,,,,,,,,,,,,,,,,,,,,,,,,,,,,,,,,,,,,,,,,,,,,,,,,,,,,,,,,,,,,,,,,,,,,,,,,,,,,,,,,,,,,,,,,,,,,,,,,,,,,,,,,,,,,,,,,NA,NA,NA,NA,NA,NA,NA,NA,NA,NA,NA,NA,NA,NA,NA,NA,NA,NA,NA,NA,NA,NA,NA,NA,NA,NA,NA,NA,NA,NA,,,,,,,,,,,,,,,,,,,,,,,,,,,,,,,,,,,,,,,,,,,,,,,,,,,,,,,,,,,,,,,,NA,NA,NA,,NA,NA,,,,,,,,,,,,,NA,NA,NA,NA,NA,NA,NA,NA,NA,NA,NA,NA,,NA,0%,,NA,NA,NA,NA,,,,,,,,,,,,,,,,,,,,,,,,,NA,NA,NA,NA,NA,NA,NA,NA,,,NA,NA,NA,NA,NA,NA,NA,NA,,,,,,,NA,NA,NA,NA,,,,,,,NA,NA,NA,NA
1,890,4000,139675,Unity Academy Blackpool,,Warbreck Hill Road,,,Blackpool,FY2 0TS,01253478129,E14000572,Blackpool North and Cleveleys,0,0,AC,Does not apply,NSE,OTHER NON SEL,MIXED,0,1,0,5-16,,951,466,485,84,46,55%,38,45%,26.3,18,24%,42,57%,14,19%,52,62%,32,38%,11,13%,73,87%,0,0%,78,93%,4,5%,20,24%,24,29%,2923,34.8,620,7.4,552,6.6,792.5,9.4,958.5,11.4,456.5,5.4,502,6,2.8,2.9,74,0,88%,-0.59,-0.88,-0.3,-0.59,-0.89,-0.29,-0.71,-1.06,-0.36,-0.52,-0.83,-0.21,-0.71,-1.06,-0.37,-0.43,-0.78,-0.09,29%,17%,227.28,2.71,2.56,2.95,1.75,2.43,4.14,4.21,2.6,2.8,2.76,2.26,2.11,2.74,10,12%,4%,2%,83,99%,83,99%,83,99%,55,66%,18,21%,49%,25%,38%,20%,33%,19%,18%,13%,50%,50%,88%,93%,67%,-0.67,-0.99,-0.34,-1.24,-1.71,-0.77,0.18,-0.85,1.2,41,21,32,17,27,16,10,7,9,9,8,10%,83,99%,79,94%,81,98%,51,93%,18,100%,33.7,48,0,-0.73,-1.09,-0.36,-0.73,-1.1,-0.36,36.5,26,0,-0.34,-0.83,0.15,-0.34,-0.84,0.16,7.1,-0.88,-1.31,-0.44,6.4,-0.64,-1.03,-0.26,8.9,-0.91,-1.34,-0.48,11.3,-0.49,-0.92,-0.07,7.8,-0.41,-1,0.18,6.9,-0.3,-0.82,0.23,10.3,-0.34,-0.93,0.24,11.5,-0.32,-0.9,0.26,5.7,5.6,5,6.5,-16.6,-0.86,22.4,18,0,-0.05,-0.64,0.55,-0.05,-0.65,0.56,32.2,42,0,-0.7,-1.09,-0.31,-0.7,-1.09,-0.3,53.4,14,0,-0.96,-1.63,-0.29,-0.96,-1.65,-0.28,48.5,9.5,9.3,15.2,14.5,5.4,9.1,SUPP,SUPP,SUPP,SUPP,SUPP,SUPP,SUPP,SUPP,35,7.6,6.6,8.9,11.9,6.1,5.8,32,0,-0.6,-1.05,-0.16,-0.6,-1.05,-0.15,34.6,7.2,6.6,9.9,11,4.9,6.1,42,0,-0.58,-0.97,-0.19,-0.58,-0.98,-0.19,35.4,7.5,6.8,9.6,11.6,5.5,6.1,69,0,-0.58,-0.88,-0.28,-0.58,-0.89,-0.27,39.4,75,-0.29,-0.57,-0.01,37.1,58,-0.44,-0.76,-0.13,45.7,17,0.22,-0.37,0.8,31.5,85,-0.89,-1.16,-0.62,29.4,64,-0.99,-1.3,-0.68,37.8,21,-0.58,-1.12,-0.04,2,11.10%,0.00%,0.00%,5,12%,2%,2%,0,0%,0%,0%,6%,22%,2%,0%,6%,6%,-0.16,-0.77,-0.98,-0.79,-0.42,-0.21,-1.37,-2.06,-1.26,-1.2,SUPP,-0.38,SUPP,-1.25,1.6,-0.4,-1.19,0.13,-0.97,0.51,-0.83,-0.34,-1.19,-0.24,-1.72,-0.67,-1.85,-0.4,-1.99,0.81,-1.23,-0.76,-1.97,-0.93,-3.18,0.21,-2.7,3.05,0.14,SUPP,SUPP,0.97,-1.73,SUPP,SUPP,9%,1%,1%,2%,0%,0%,15%,4%,2%,8%,3%,3%,12%,4%,3%,46%,27%,18%,5%,2%,NA,18%,2%,NA,3%,0%,0%,0%,0%,0%,25%,43%,0%,100%,45%,20%,29%,10%,29%,28%,1,6%,9,21%,10,71%,28%,29%,55%,31%,14%,22%,1,6%,2,5%,9,64%,17%,16%,46%,18%,38%,15%,64%,32%,23%,9%,48%,14%,1%,17%,60,73%,22,27%,65,76%,21,24%,7.8,7.4,7.6,8.3,7.7,7.9,10.1,10.5,8.4,8.6,6.2,5.7,6.1,7,6.2,6.3,8.7,9,7.2,7.5,5
1,890,4001,140021,South Shore Academy,,St Anne's Road,,,Blackpool,FY4 2AR,01253345522,E14000573,Blackpool South,0,0,AC,None,NSE,OTHER NON SEL,MIXED,0,0,0,11-16,,711,387,324,156,87,56%,69,44%,25.9,43,30%,80,55%,22,15%,116,74%,40,26%,17,11%,139,89%,0,0%,139,89%,0,0%,42,27%,42,27%,3410,21.9,726,4.7,614,3.9,872,5.6,1198,7.7,604,3.9,594,3.8,2.1,2.1,145,15,93%,-1.54,-1.75,-1.33,-1.63,-1.84,-1.42,-1.88,-2.13,-1.63,-1.56,-1.79,-1.34,-1.71,-1.96,-1.46,-1.43,-1.67,-1.18,16%,3%,258,1.65,1.42,2.33,0.86,1.72,2.63,2.16,1.85,1.5,1.73,1.88,1.72,2.2,12,8%,1%,1%,147,94%,151,97%,128,82%,101,65%,25,16%,28%,12%,21%,9%,16%,6%,8%,3%,20%,20%,91%,94%,72%,-1.25,-1.51,-0.99,-1.73,-2.08,-1.38,-1.85,-2.68,-1.01,44,18,32,14,20,7,8,3,5,5,10,6%,119,76%,120,77%,120,94%,79,78%,22,88%,18.9,114,13,-1.64,-1.87,-1.4,-1.75,-1.99,-1.51,30.4,31,2,-1.17,-1.62,-0.71,-1.18,-1.64,-0.72,4.1,-2.01,-2.29,-1.72,3.4,-1.66,-1.91,-1.41,4.7,-1.79,-2.08,-1.51,6.8,-1.6,-1.88,-1.32,6.3,-1.43,-1.97,-0.88,5.6,-1.2,-1.68,-0.72,8.3,-1.4,-1.94,-0.86,10.3,-0.8,-1.33,-0.26,3.3,3.4,5.4,4.9,-31.4,-1.77,12.6,43,0,-1.11,-1.49,-0.72,-1.11,-1.5,-0.72,23.1,80,9,-1.61,-1.89,-1.33,-1.65,-1.94,-1.37,33.2,22,6,-2.12,-2.66,-1.59,-2.57,-3.11,-2.02,26.5,4.8,4.7,8.4,8.7,4.6,4.1,9,0,-0.33,-1.16,0.51,-0.33,-1.18,0.53,25.1,5.9,4.1,6.1,9,5.3,3.7,66,5,-1.28,-1.59,-0.97,-1.34,-1.65,-1.02,19.3,3.7,3.8,5.2,6.6,2.7,3.9,79,10,-1.75,-2.03,-1.47,-1.88,-2.16,-1.59,22.9,4.9,4.1,5.8,8.1,4,4,131,15,-1.5,-1.72,-1.28,-1.61,-1.83,-1.38,41,129,-0.3,-0.52,-0.09,37.7,83,-0.35,-0.61,-0.08,46.2,46,-0.23,-0.59,0.12,27.3,119,-1.03,-1.26,-0.81,25.3,81,-1.15,-1.43,-0.88,31.3,38,-0.78,-1.18,-0.38,1,2.30%,0.00%,0.00%,6,8%,0%,0%,2,9%,5%,5%,10%,3%,1%,1%,0%,0%,-0.96,-1.13,-2.19,-1.34,-0.95,-1.15,-1.72,-2.76,-1.76,-1.64,SUPP,-2.06,SUPP,-1.85,NE,-1.05,-1.63,-0.42,-1.48,-0.49,-1.42,-0.78,-1.48,-1.55,-2.82,-1.36,-2.17,-0.96,-2.32,-0.5,-1.8,-1.25,-2.19,-1.91,-3.6,-1.01,-2.68,NE,NE,SUPP,SUPP,-1.03,-3.09,SUPP,SUPP,31%,6%,6%,16%,2%,0%,10%,1%,1%,4%,0%,0%,9%,1%,1%,18%,0%,0%,23%,0%,NA,44%,0%,NA,14%,1%,0%,19%,2%,0%,13%,44%,0%,93%,45%,24%,14%,5%,11%,30%,0,0%,11,14%,11,50%,15%,17%,18%,18%,2%,8%,0,0%,0,0%,5,23%,1%,6%,0%,4%,37%,17%,58%,35%,13%,4%,17%,7%,1%,15%,86,61%,55,39%,85,67%,42,33%,6.3,5.9,6.4,6.6,6.1,7.1,9,9.4,7.2,7.9,5.4,5,5.4,5.8,5.2,6,7.3,7.8,5.8,6.3,5
1,890,4002,141132,Blackpool Aspire Academy,,Blackpool Old Road,,,Blackpool,FY3 7LS,01253353155,E14000572,Blackpool North and Cleveleys,0,0,AC,None,NSE,OTHER NON SEL,MIXED,0,0,0,11-16,R,677,365,312,87,52,60%,35,40%,27.9,12,15%,37,47%,30,38%,61,70%,26,30%,12,14%,75,86%,0,0%,75,86%,3,3%,12,14%,15,17%,3723.8,42.8,706,8.1,730,8.4,1164.5,13.4,1123.3,12.9,473,5.4,650.3,7.5,3,2.9,79,0,91%,-0.18,-0.46,0.1,-0.18,-0.47,0.11,-0.81,-1.16,-0.47,-0.03,-0.33,0.27,0.22,-0.11,0.56,-0.26,-0.59,0.07,47%,28%,317.31,3.65,3.37,4.29,2.03,3.07,4.8,4.82,3.75,3.58,3.69,3.53,3.33,3.91,16,18%,9%,7%,86,99%,86,99%,87,100%,75,86%,21,24%,54%,38%,63%,43%,68%,48%,41%,31%,67%,62%,91%,92%,81%,0.33,0.01,0.64,-0.56,-0.97,-0.15,0.31,-0.55,1.18,47,33,55,37,59,42,31,23,14,13,16,18%,86,99%,86,99%,87,100%,74,99%,21,100%,40.6,59,0,-0.33,-0.66,0,-0.33,-0.66,0,48,20,0,0.26,-0.3,0.82,0.26,-0.31,0.83,7.6,-0.97,-1.37,-0.58,8.1,-0.14,-0.49,0.2,12.5,0.03,-0.36,0.42,12.3,-0.39,-0.78,-0.01,9.3,-0.35,-1.03,0.32,9,0.3,-0.3,0.89,15.4,0.78,0.11,1.45,14.3,0.13,-0.53,0.79,5,7.4,6.6,7.7,-9.7,-0.46,24.6,12,0,0.05,-0.67,0.78,0.05,-0.69,0.79,36.6,37,0,-0.25,-0.66,0.16,-0.25,-0.67,0.17,56.1,30,0,-0.19,-0.65,0.27,-0.19,-0.66,0.28,50.5,9.5,9.5,17.3,14.2,7.5,6.7,6,0,1.05,0.03,2.08,1.05,0.01,2.1,43.6,9.1,7.8,12.9,13.8,5.4,8.4,31,0,0.02,-0.43,0.47,0.02,-0.44,0.48,42.3,7.5,8.8,13.7,12.3,5.5,6.9,48,0,-0.31,-0.67,0.05,-0.31,-0.68,0.06,43.6,8.2,8.5,13.5,13.4,5.2,8.2,68,0,-0.21,-0.51,0.1,-0.21,-0.52,0.1,38.6,98,-0.51,-0.75,-0.26,36.3,68,-0.7,-0.99,-0.4,43.7,30,-0.08,-0.52,0.36,41.2,89,-0.29,-0.55,-0.03,38.9,59,-0.39,-0.71,-0.06,45.6,30,-0.11,-0.56,0.34,1,8.30%,0.00%,0.00%,5,14%,5%,0%,8,27%,17%,17%,12%,35%,5%,5%,19%,12%,0.56,0.21,0.38,0.17,0.78,-0.33,-0.5,-0.73,-0.77,0.04,SUPP,-0.21,0.1,-0.25,0.94,0.53,-0.19,1.4,0.17,1.36,-0.23,0.66,-0.25,0.88,-0.13,-0.29,-1.24,0.83,-0.76,0.74,-1.4,0.08,-1.08,-0.06,-1.41,0.94,-1.43,2.2,-0.32,SUPP,SUPP,1.24,-1.67,1.23,-1.03,19%,10%,7%,22%,8%,3%,10%,4%,2%,31%,17%,14%,19%,9%,8%,50%,33%,17%,19%,9%,NA,19%,6%,NA,22%,7%,2%,23%,10%,6%,46%,36%,0%,100%,36%,19%,40%,22%,43%,58%,0,0%,13,35%,24,80%,48%,46%,58%,47%,28%,27%,0,0%,2,5%,19,63%,21%,37%,25%,29%,33%,17%,42%,23%,39%,15%,42%,35%,1%,29%,69,69%,31,31%,59,66%,31,34%,9,8.3,8.6,9.7,8.9,9.3,8.7,8.8,7.9,8.2,7,5.8,6.5,8.1,6.8,7.3,7.2,7.3,6.7,7.1,3
1,890,4003,142469,Highfield Leadership Academy,,Highfield Road,,,Blackpool,FY4 3JZ,01253965750,E14000573,Blackpool South,0,0,AC,Does not apply,NSE,OTHER NON SEL,MIXED,0,0,0,11-16,R,847,428,419,181,109,60%,72,40%,28.6,12,7%,105,60%,58,33%,63,35%,118,65%,8,4%,173,96%,0,0%,172,95%,2,1%,23,13%,25,14%,6416.3,35.4,1394,7.7,1382,7.6,1814,10,1826.3,10.1,1285.5,7.1,540.8,3,2.8,2.7,175,8,97%,-0.95,-1.14,-0.76,-0.99,-1.18,-0.8,-1.04,-1.27,-0.81,-0.54,-0.74,-0.34,-0.96,-1.19,-0.74,-1.28,-1.5,-1.05,46%,25%,578.01,3.19,2.51,3.56,1.82,2.78,4.37,3.08,3.36,3.08,3.24,3.16,2.69,3.36,124,69%,11%,2%,175,97%,178,98%,177,98%,169,93%,125,69%,54%,33%,58%,36%,44%,22%,39%,26%,19%,6%,97%,96%,98%,-0.97,-1.18,-0.75,-0.93,-1.2,-0.67,-1.96,-2.28,-1.63,97,60,105,65,77,39,66,44,24,7,119,66%,170,94%,175,97%,172,97%,158,94%,121,97%,28.4,61,6,-1.33,-1.65,-1,-1.45,-1.77,-1.12,39.2,114,2,-0.74,-0.98,-0.51,-0.75,-0.99,-0.51,6.5,-1.41,-1.8,-1.02,5.8,-1.18,-1.53,-0.84,7.9,-1.39,-1.77,-1.01,8.2,-1.7,-2.08,-1.32,8.4,-0.85,-1.13,-0.56,8.6,-0.19,-0.44,0.06,11.1,-0.74,-1.02,-0.46,11.1,-1.05,-1.33,-0.78,5.9,2.3,7.7,3.4,-21.9,-1.46,21.8,12,0,-0.33,-1.05,0.4,-0.33,-1.07,0.41,31.2,105,4,-0.87,-1.11,-0.62,-0.89,-1.14,-0.64,47.5,58,4,-1.22,-1.55,-0.89,-1.31,-1.64,-0.97,34.7,7.5,6.8,9.8,10.7,4.9,5.8,6,0,-0.29,-1.32,0.74,-0.29,-1.34,0.76,38,8.4,7.3,10.5,11.7,8.3,3.4,69,2,-0.71,-1.01,-0.41,-0.73,-1.04,-0.43,33.8,7.2,7.8,9.7,9,6.3,2.7,106,6,-1.1,-1.34,-0.85,-1.16,-1.4,-0.91,36,7.8,7.7,10.2,10.3,7.2,3,168,7,-0.93,-1.12,-0.74,-0.97,-1.17,-0.77,36.2,190,-1.06,-1.24,-0.89,26.1,71,-1.67,-1.95,-1.38,42,119,-0.7,-0.92,-0.48,38.5,178,-0.95,-1.13,-0.76,33.7,52,-1.08,-1.42,-0.74,40.5,126,-0.89,-1.11,-0.67,2,16.70%,0.00%,0.00%,69,66%,3%,0%,51,88%,28%,7%,46%,81%,8%,3%,12%,2%,-0.27,-0.67,-1.63,-1.24,-0.83,-0.55,-0.76,-1.31,-1.29,-0.76,SUPP,-1.71,-2.3,-2.07,-1.92,-0.88,-1.6,-0.57,-1.08,0.52,-1.07,-0.39,-0.94,-1.27,-1.99,-0.83,-1.75,-0.43,-1.08,0.43,-1.52,-0.41,-1.11,-0.85,-1.76,-1.4,-2.74,-1.56,-2.29,SUPP,SUPP,-1.28,-2.13,-1.8,-2.8,27%,11%,10%,10%,3%,2%,64%,5%,0%,75%,19%,6%,70%,11%,2%,63%,13%,0%,14%,3%,NA,35%,3%,NA,2%,0%,0%,13%,5%,3%,38%,45%,0%,99%,50%,33%,55%,32%,27%,56%,1,8%,38,36%,44,76%,45%,47%,25%,47%,13%,32%,0,0%,14,13%,32,55%,23%,29%,25%,26%,28%,15%,63%,43%,43%,25%,60%,35%,2%,8%,71,37%,122,63%,53,29%,127,71%,8.9,8,8.5,9.8,8,9.3,8.4,9.5,8.2,8.8,7.6,6.7,7.1,8.7,6.8,8,7.8,9.1,7.6,8.2,5
1,890,4057,137973,Montgomery High School,,All Hallows Road,Bispham,,Blackpool,FY2 0AZ,01253356271,E14000572,Blackpool North and Cleveleys,0,0,ACC,None,NSE,OTHER NON SEL,MIXED,0,0,0,11-16,,1193,610,583,237,121,51%,116,49%,29,17,7%,107,47%,105,46%,92,39%,145,61%,12,5%,225,95%,0,0%,227,96%,3,1%,17,7%,20,8%,9748.8,41.1,2133,9,1808,7.6,2849,12,2958.8,12.5,2441,10.3,517.8,2.2,2.9,2.9,229,2,97%,-0.64,-0.8,-0.47,-0.65,-0.82,-0.48,-0.59,-0.79,-0.39,-0.79,-0.97,-0.62,-0.55,-0.74,-0.35,-0.68,-0.88,-0.49,57%,29%,803.56,3.39,2.88,3.72,1.11,2.98,4.18,4.26,3.59,3.2,3.43,3.33,2.91,3.61,29,12%,8%,4%,227,96%,235,99%,229,97%,175,74%,61,26%,71%,52%,62%,32%,62%,38%,45%,29%,72%,48%,97%,97%,95%,-0.42,-0.6,-0.23,-0.88,-1.14,-0.62,-0.36,-0.83,0.1,167,122,146,75,142,88,79,51,44,29,28,12%,227,96%,227,96%,227,99%,170,97%,58,95%,35.6,91,1,-0.92,-1.18,-0.66,-0.93,-1.2,-0.66,44.6,138,1,-0.45,-0.66,-0.23,-0.46,-0.68,-0.24,7.9,-0.9,-1.22,-0.58,6.6,-1,-1.28,-0.72,10.3,-0.83,-1.15,-0.52,10.8,-1,-1.31,-0.69,9.7,-0.39,-0.65,-0.13,8.3,-0.66,-0.88,-0.43,13.1,-0.36,-0.61,-0.1,13.6,-0.47,-0.72,-0.22,9.3,1.5,10.9,2.6,-14.7,-1.05,15.4,17,0,-0.84,-1.45,-0.23,-0.84,-1.46,-0.22,36.2,107,0,-0.45,-0.7,-0.21,-0.45,-0.7,-0.21,50.3,105,2,-0.79,-1.03,-0.54,-0.81,-1.06,-0.56,48,9.7,8.8,15.3,14.2,8.8,5.4,7,0,0.56,-0.39,1.51,0.56,-0.41,1.53,43.6,9.9,7.7,12.3,13.6,11.1,2.5,114,2,-0.4,-0.64,-0.17,-0.43,-0.67,-0.19,38.8,8.1,7.5,11.7,11.4,9.5,1.9,115,0,-0.86,-1.1,-0.63,-0.86,-1.1,-0.63,41.7,9.1,7.7,12.2,12.7,10.5,2.2,220,2,-0.6,-0.77,-0.44,-0.62,-0.79,-0.44,42.6,245,-0.41,-0.56,-0.26,34.8,64,-0.85,-1.15,-0.55,45.3,181,-0.26,-0.43,-0.08,39.3,255,-0.87,-1.03,-0.72,35.2,104,-1.07,-1.32,-0.83,42.1,151,-0.74,-0.94,-0.54,0,0.00%,0.00%,0.00%,13,12%,6%,2%,14,13%,11%,6%,8%,15%,4%,0%,11%,6%,-0.36,-0.2,-0.64,-0.71,-0.22,-0.77,-0.52,-1.31,-1.18,-0.68,SUPP,0.2,-0.69,-0.56,-0.28,-0.42,-1.01,0.01,-0.46,0.47,-1.19,0.07,-0.47,-0.37,-0.91,-0.77,-1.59,-0.35,-1.02,0.21,-1.74,-0.15,-0.89,-0.91,-1.7,0.31,-1.42,0.27,-0.84,SUPP,SUPP,0.98,-0.58,-0.1,-1.29,22%,14%,13%,17%,9%,5%,10%,6%,3%,15%,11%,4%,12%,8%,4%,33%,33%,8%,9%,3%,NA,26%,3%,NA,12%,2%,1%,21%,13%,8%,53%,51%,0%,100%,51%,28%,51%,27%,41%,66%,0,0%,43,40%,86,82%,50%,63%,75%,58%,17%,36%,0,0%,9,8%,57,54%,22%,35%,42%,30%,33%,9%,57%,35%,41%,16%,57%,34%,0%,25%,64,26%,185,74%,107,41%,157,59%,7.4,6.5,7.1,7.8,7.2,7.5,8.4,9.1,7.3,7.4,7,6.2,6.6,7.4,6.8,7,7.3,7.8,6.9,7.2,5
1,890,4405,140759,St George's School A Church of England Academy,,Cherry Tree Road,Marton,,Blackpool,FY4 4PH,01253316725,E14000573,Blackpool South,0,0,ACC,Church of England,NSE,OTHER NON SEL,MIXED,0,0,0,11-16,,1004,487,517,179,78,44%,101,56%,28.7,20,11%,90,51%,67,38%,47,26%,132,74%,1,1%,178,99%,0,0%,178,99%,1,1%,19,11%,20,11%,8353,46.7,1713,9.6,1690,9.4,2227.5,12.4,2722.5,15.2,1320,7.4,1402.5,7.8,2.9,3,177,0,99%,0.04,-0.14,0.23,0.04,-0.15,0.24,-0.18,-0.41,0.05,0.26,0.06,0.46,-0.25,-0.48,-0.03,0.35,0.13,0.57,69%,41%,665.64,3.72,3.24,3.89,1.73,3.37,4.82,SUPP,3.95,3.42,3.72,3.52,2.66,3.96,29,16%,10%,5%,178,99%,179,100%,179,100%,113,63%,65,36%,78%,56%,78%,53%,62%,35%,63%,42%,68%,49%,99%,99%,98%,-0.33,-0.54,-0.12,-0.07,-0.39,0.25,0.12,-0.32,0.57,139,101,139,94,110,63,71,47,44,32,29,16%,178,99%,179,100%,179,100%,111,98%,64,99%,40.5,45,0,-0.18,-0.56,0.19,-0.18,-0.57,0.2,48.9,132,0,0.12,-0.1,0.34,0.12,-0.1,0.35,8.9,-0.13,-0.58,0.32,7.9,-0.07,-0.47,0.33,10.7,-0.41,-0.86,0.03,12.9,-0.07,-0.51,0.37,9.8,-0.19,-0.46,0.07,10,0.37,0.14,0.6,13,-0.2,-0.46,0.06,16,0.49,0.23,0.75,7.9,5.1,7.2,8.8,-9.8,-0.31,25.3,20,0,0.01,-0.55,0.57,0.01,-0.56,0.59,42.9,90,0,0.21,-0.05,0.48,0.21,-0.06,0.48,58.7,67,0,-0.17,-0.48,0.13,-0.17,-0.49,0.14,SUPP,SUPP,SUPP,SUPP,SUPP,SUPP,SUPP,SUPP,SUPP,SUPP,SUPP,SUPP,SUPP,SUPP,SUPP,49.5,10.3,9.7,13,16.4,8,8.4,100,0,0.18,-0.07,0.43,0.18,-0.08,0.44,43.1,8.6,9.1,11.7,13.7,6.5,7.1,77,0,-0.13,-0.42,0.16,-0.13,-0.42,0.16,46.7,9.6,9.4,12.4,15.2,7.4,7.8,176,0,0.05,-0.14,0.24,0.05,-0.15,0.24,37.3,183,-0.67,-0.85,-0.49,31.4,58,-0.92,-1.23,-0.6,39.9,125,-0.56,-0.77,-0.34,43.9,169,-0.2,-0.39,-0.01,35.3,57,-0.69,-1.02,-0.36,48.2,112,0.04,-0.19,0.28,2,10.00%,0.00%,0.00%,12,13%,7%,1%,14,21%,16%,12%,13%,17%,6%,4%,11%,5%,-0.36,-0.07,-0.66,-0.43,-0.29,0.05,0.18,-0.45,-0.44,0.04,SUPP,0.01,0.21,0.08,0.14,-0.02,-0.85,-0.05,-0.53,0.26,-0.97,0.22,-0.37,-0.33,-1,0.22,-1.11,0.4,-0.33,1.17,-1.08,0.61,-0.26,0.07,-0.96,1,-0.84,0.64,-0.37,SUPP,SUPP,0.67,-0.65,0.83,-0.41,25%,13%,11%,24%,13%,5%,13%,6%,4%,19%,12%,6%,16%,10%,5%,SUPP,SUPP,SUPP,16%,9%,NA,30%,7%,NA,14%,9%,2%,28%,15%,7%,64%,44%,1%,100%,49%,24%,59%,33%,60%,73%,2,10%,60,67%,62,93%,59%,77%,SUPP,69%,32%,45%,0,0%,23,26%,51,76%,35%,47%,SUPP,42%,41%,17%,52%,27%,39%,14%,69%,42%,2%,34%,58,31%,128,69%,57,34%,113,66%,8.9,8.1,8.6,9.7,8.5,9.1,8.5,9,8.9,9.5,7.3,6,7,8.1,7.1,7.4,8.1,8.6,7.5,8.3,3
1,890,4601,141257,St Mary's Catholic Academy,,St Walburga's Road,,,Blackpool,FY3 7EQ,01253396286,E14000572,Blackpool North and Cleveleys,0,0,ACC,Roman Catholic,NSE,OTHER NON SEL,MIXED,0,0,1,11-18,,1199,602,597,203,108,53%,95,47%,29.1,16,8%,96,49%,84,43%,54,27%,149,73%,33,16%,170,84%,0,0%,198,98%,3,2%,41,20%,44,22%,9133,45,1936,9.5,1714,8.4,2659,13.1,2824,13.9,2407.5,11.9,416.5,2.1,2.9,2.9,196,2,97%,-0.25,-0.43,-0.07,-0.26,-0.44,-0.08,-0.32,-0.53,-0.1,-0.39,-0.58,-0.2,-0.18,-0.4,0.03,-0.21,-0.42,0,60%,36%,730.49,3.6,2.89,3.85,1.91,2.95,4.71,4.8,3.92,3.32,3.59,3.69,2.99,3.99,27,13%,8%,5%,199,98%,202,100%,201,99%,95,47%,66,33%,76%,56%,65%,42%,62%,43%,56%,46%,86%,73%,97%,98%,95%,-0.22,-0.42,-0.02,-0.45,-0.8,-0.1,1.19,0.74,1.63,154,114,132,85,124,86,53,44,57,48,25,12%,199,98%,201,99%,198,99%,89,94%,65,99%,37.1,52,2,-0.72,-1.07,-0.37,-0.74,-1.09,-0.38,47.8,144,0,-0.09,-0.29,0.12,-0.09,-0.3,0.13,8.1,-0.81,-1.23,-0.39,6.8,-0.87,-1.24,-0.5,10.3,-0.78,-1.2,-0.37,12,-0.56,-0.97,-0.15,10.1,-0.14,-0.39,0.11,9,-0.21,-0.43,0.01,14.1,0.03,-0.22,0.28,14.6,-0.08,-0.33,0.17,9.5,2.5,12.7,1.9,-13.2,-0.85,27.2,16,0,0.13,-0.5,0.75,0.13,-0.52,0.77,38.5,96,2,-0.28,-0.53,-0.02,-0.29,-0.55,-0.03,56.3,84,0,-0.3,-0.57,-0.02,-0.3,-0.58,-0.02,54.8,10.8,10.4,17.4,16.2,14.6,1.7,28,0,0.68,0.21,1.16,0.68,0.2,1.17,49.2,10.9,8.7,13.9,15.8,14.2,1.6,92,0,0.02,-0.25,0.28,0.02,-0.25,0.28,41.3,8.4,8.2,12.4,12.3,9.8,2.4,104,2,-0.49,-0.74,-0.24,-0.5,-0.75,-0.25,44.8,9.5,8.4,13.1,13.9,11.9,2,193,2,-0.25,-0.43,-0.07,-0.26,-0.44,-0.07,42.3,199,-0.3,-0.47,-0.13,36.3,69,-0.76,-1.05,-0.47,45.3,130,-0.06,-0.27,0.15,46.1,190,-0.12,-0.3,0.06,39.2,56,-0.51,-0.84,-0.18,48.9,134,0.04,-0.17,0.25,1,6.30%,0.00%,0.00%,7,7%,4%,2%,18,21%,16%,11%,9%,15%,4%,2%,10%,7%,-0.23,-0.22,-0.22,-0.6,-0.09,-0.3,-0.36,-0.58,-1.07,-0.26,SUPP,1.96,0.82,0.24,1.46,-0.21,-0.99,0.14,-0.32,0.46,-0.92,0.06,-0.51,0.08,-0.52,-0.35,-1.79,0.14,-0.66,1.08,-1.68,0.13,-0.86,-0.05,-1.12,1.19,-0.71,1.96,0.95,SUPP,SUPP,2.83,1.1,1.36,0.28,8%,3%,3%,13%,9%,8%,11%,7%,4%,16%,11%,7%,14%,9%,6%,36%,24%,21%,3%,1%,NA,10%,1%,NA,9%,5%,3%,14%,11%,9%,55%,55%,1%,99%,59%,37%,63%,42%,37%,68%,2,13%,42,44%,75,89%,53%,67%,73%,60%,24%,40%,1,6%,16,17%,55,66%,29%,44%,61%,36%,46%,27%,66%,42%,48%,26%,70%,49%,3%,43%,70,34%,137,66%,58,29%,139,71%,8.4,8.2,8.2,8.5,7.9,8.5,8.8,9.1,8.3,8.4,7.8,7.3,7.6,8.2,7.4,8,8.2,8.6,7.7,7.9,4
2,890,7025,119871,Woodlands School,,Whitegate Drive,,,Blackpool,FY3 9HF,01253316722,E14000573,Blackpool South,0,0,CYS,Does not apply,NA,NA,MIXED,0,1,0,2-19,R,108,74,34,4,SUPP,SUPP,SUPP,SUPP,SUPP,SUPP,SUPP,SUPP,SUPP,SUPP,SUPP,SUPP,SUPP,SUPP,SUPP,SUPP,SUPP,SUPP,SUPP,SUPP,SUPP,SUPP,SUPP,,,,,,,SUPP,SUPP,SUPP,SUPP,SUPP,SUPP,SUPP,SUPP,SUPP,SUPP,SUPP,SUPP,SUPP,SUPP,SUPP,SUPP,SUPP,SUPP,SUPP,SUPP,SUPP,SUPP,SUPP,SUPP,SUPP,SUPP,SUPP,SUPP,SUPP,SUPP,SUPP,SUPP,SUPP,SUPP,SUPP,SUPP,SUPP,SUPP,SUPP,SUPP,SUPP,SUPP,SUPP,SUPP,SUPP,SUPP,SUPP,SUPP,SUPP,SUPP,SUPP,SUPP,SUPP,SUPP,SUPP,SUPP,SUPP,SUPP,SUPP,SUPP,SUPP,SUPP,SUPP,SUPP,SUPP,SUPP,SUPP,SUPP,SUPP,SUPP,SUPP,SUPP,SUPP,SUPP,SUPP,SUPP,SUPP,SUPP,SUPP,SUPP,SUPP,SUPP,SUPP,SUPP,SUPP,SUPP,SUPP,SUPP,SUPP,SUPP,SUPP,SUPP,SUPP,SUPP,SUPP,SUPP,SUPP,SUPP,SUPP,SUPP,SUPP,SUPP,SUPP,SUPP,SUPP,SUPP,SUPP,SUPP,SUPP,SUPP,SUPP,SUPP,SUPP,SUPP,SUPP,SUPP,SUPP,SUPP,SUPP,SUPP,SUPP,SUPP,SUPP,SUPP,SUPP,SUPP,SUPP,SUPP,SUPP,SUPP,SUPP,SUPP,SUPP,SUPP,SUPP,SUPP,SUPP,SUPP,SUPP,SUPP,SUPP,SUPP,SUPP,SUPP,SUPP,SUPP,SUPP,SUPP,SUPP,SUPP,SUPP,SUPP,SUPP,SUPP,SUPP,SUPP,SUPP,SUPP,SUPP,SUPP,SUPP,SUPP,SUPP,SUPP,SUPP,SUPP,SUPP,SUPP,SUPP,SUPP,SUPP,SUPP,SUPP,SUPP,SUPP,SUPP,SUPP,SUPP,SUPP,SUPP,SUPP,SUPP,SUPP,SUPP,SUPP,SUPP,SUPP,SUPP,SUPP,SUPP,SUPP,SUPP,SUPP,SUPP,SUPP,SUPP,SUPP,SUPP,SUPP,SUPP,SUPP,SUPP,SUPP,SUPP,SUPP,SUPP,SUPP,SUPP,SUPP,SUPP,SUPP,SUPP,SUPP,SUPP,SUPP,SUPP,SUPP,SUPP,SUPP,SUPP,SUPP,SUPP,SUPP,SUPP,SUPP,SUPP,SUPP,SUPP,SUPP,SUPP,SUPP,SUPP,SUPP,SUPP,SUPP,SUPP,SUPP,SUPP,SUPP,SUPP,SUPP,SUPP,SUPP,SUPP,SUPP,SUPP,SUPP,SUPP,SUPP,SUPP,SUPP,SUPP,SUPP,SUPP,NA,NA,NA,NA,NA,SUPP,SUPP,SUPP,SUPP,SUPP,SUPP,SUPP,SUPP,SUPP,SUPP,SUPP,SUPP,SUPP,SUPP,SUPP,SUPP,SUPP,SUPP,SUPP,SUPP,SUPP,SUPP,SUPP,SUPP,SUPP,SUPP,SUPP,SUPP,SUPP,SUPP,SUPP,SUPP,SUPP,SUPP,SUPP,SUPP,SUPP,SUPP,SUPP,SUPP,SUPP,SUPP,SUPP,SUPP,SUPP,SUPP,SUPP,SUPP,SUPP,SUPP,SUPP,SUPP,SUPP,SUPP,SUPP,SUPP,SUPP,SUPP,SUPP,SUPP,SUPP,SUPP,SUPP,SUPP,SUPP,SUPP,SUPP,SUPP,SUPP,SUPP,SUPP,SUPP,SUPP,SUPP,SUPP,SUPP,SUPP,SUPP,SUPP,SUPP,SUPP,SUPP,SUPP,SUPP,SUPP,SUPP,SUPP,SUPP,NA,NA,NA,SUPP,SUPP,SUPP,SUPP,SUPP,SUPP,SUPP,SUPP,SUPP,SUPP,SUPP,SUPP,SUPP,SUPP,SUPP,SUPP,SUPP,NA,SUPP,SUPP,NA,SUPP,SUPP,SUPP,SUPP,SUPP,SUPP,SUPP,NE,0%,SUPP,NA,NA,SUPP,SUPP,SUPP,SUPP,SUPP,SUPP,SUPP,SUPP,SUPP,SUPP,SUPP,SUPP,SUPP,SUPP,SUPP,SUPP,SUPP,SUPP,SUPP,SUPP,SUPP,SUPP,SUPP,SUPP,SUPP,SUPP,SUPP,SUPP,SUPP,SUPP,SUPP,SUPP,SUPP,SUPP,SUPP,SUPP,5,63%,3,38%,SUPP,SUPP,SUPP,SUPP,SUPP,SUPP,SUPP,SUPP,SUPP,SUPP,SUPP,SUPP,SUPP,SUPP,SUPP,SUPP,SUPP,SUPP,SUPP,SUPP,SUPP,SUPP,SUPP,SUPP
2,890,7019,140143,Park Community Academy,,158 Whitegate Drive,,,Blackpool,FY3 9HF,01253764130,E14000573,Blackpool South,0,0,ACCS,Does not apply,NA,NA,MIXED,0,1,0,2-19,,275,181,94,18,12,67%,6,33%,14,17,100%,0,0%,0,0%,14,78%,4,22%,0,0%,18,100%,0,0%,18,100%,,,,,,,10,0.6,0,0,0,0,0,0,10,0.6,10,0.6,0,0,0,0.3,17,0,94%,-1.72,-2.33,-1.11,-1.72,-2.34,-1.1,-2.1,-2.83,-1.36,-1.24,-1.89,-0.59,-1.56,-2.28,-0.83,-1.96,-2.68,-1.24,0%,0%,0,0,SUPP,SUPP,0,NE,NE,NE,0,0,0,0.03,SUPP,SUPP,0,0%,0%,0%,0,0%,1,6%,0,0%,0,0%,0,0%,0%,0%,0%,0%,NE,NE,NE,NE,NE,NE,NE,NE,NE,NE,NE,NE,NE,NE,NE,NE,NE,NE,0,0,0,0,NE,NE,NE,NE,NE,NE,0,0%,0,0%,0,0%,NE,NE,NE,NE,NE,NE,SUPP,SUPP,SUPP,SUPP,SUPP,SUPP,SUPP,SUPP,SUPP,SUPP,SUPP,SUPP,SUPP,SUPP,SUPP,SUPP,SUPP,SUPP,SUPP,SUPP,SUPP,SUPP,SUPP,SUPP,SUPP,SUPP,SUPP,SUPP,SUPP,SUPP,SUPP,SUPP,SUPP,SUPP,SUPP,SUPP,SUPP,SUPP,SUPP,SUPP,SUPP,SUPP,SUPP,SUPP,SUPP,SUPP,SUPP,SUPP,SUPP,SUPP,SUPP,SUPP,SUPP,SUPP,SUPP,SUPP,0.5,17,0,-1.72,-2.33,-1.11,-1.72,-2.34,-1.1,NE,NE,NE,NE,NE,NE,NE,NE,NE,NE,NE,NE,NE,NE,NE,NE,NE,NE,NE,NE,NE,NE,NE,NE,NE,NE,NE,NE,NE,NE,NE,NE,NE,0.3,0,0,0,0.3,0.3,0,6,0,-1.67,-2.7,-0.65,-1.67,-2.72,-0.63,0.7,0,0,0,0.7,0.7,0,11,0,-1.75,-2.51,-0.99,-1.75,-2.52,-0.98,0.6,0,0,0,0.6,0.6,0,17,0,-1.72,-2.33,-1.11,-1.72,-2.34,-1.1,0.8,17,-1.48,-2.07,-0.9,SUPP,SUPP,SUPP,SUPP,SUPP,SUPP,SUPP,SUPP,SUPP,SUPP,0.3,19,-1.52,-2.09,-0.95,SUPP,SUPP,SUPP,SUPP,SUPP,SUPP,SUPP,SUPP,SUPP,SUPP,0,0.00%,0.00%,0.00%,NE,NE,NE,NE,NE,NE,NE,NE,SUPP,SUPP,SUPP,SUPP,SUPP,SUPP,NE,NE,NE,SUPP,SUPP,NE,NE,NE,SUPP,SUPP,NE,NE,NE,SUPP,SUPP,SUPP,SUPP,SUPP,SUPP,NE,NE,NE,NE,NE,NE,SUPP,SUPP,SUPP,SUPP,NE,NE,NE,NE,NE,NE,SUPP,SUPP,SUPP,SUPP,NE,NE,NE,NE,NE,NE,0%,0%,0%,0%,0%,0%,0%,0%,0%,0%,0%,0%,0%,0%,0%,NE,NE,NE,SUPP,SUPP,NA,SUPP,SUPP,NA,SUPP,SUPP,SUPP,SUPP,SUPP,SUPP,0%,0%,0%,28%,0%,0%,0%,0%,SUPP,SUPP,0,0%,NE,NE,NE,NE,0%,0%,NE,0%,SUPP,SUPP,0,0%,NE,NE,NE,NE,0%,0%,NE,0%,SUPP,SUPP,SUPP,SUPP,SUPP,SUPP,SUPP,SUPP,0%,0%,13,72%,5,28%,18,90%,2,10%,0.3,0.3,NE,NE,SUPP,SUPP,SUPP,SUPP,SUPP,SUPP,0.3,0.3,NE,NE,SUPP,SUPP,SUPP,SUPP,SUPP,SUPP,5
2,890,7020,119868,Highfurlong School,,Blackpool Old Road,,,Blackpool,FY3 7LS,01253392188,E14000572,Blackpool North and Cleveleys,0,0,CYS,Does not apply,NA,NA,MIXED,0,1,0,2-19,,80,44,36,7,4,57%,3,43%,13.6,6,86%,1,14%,0,0%,3,43%,4,57%,0,0%,7,100%,0,0%,4,57%,,,,,,,NE,NE,NE,NE,NE,NE,NE,NE,NE,NE,NE,NE,NE,NE,NE,NE,NE,NE,NE,NE,NE,NE,NE,NE,NE,NE,NE,NE,NE,NE,NE,NE,NE,NE,NE,NE,NE,NE,NE,NE,NE,SUPP,SUPP,NE,SUPP,NE,NE,SUPP,SUPP,SUPP,SUPP,SUPP,SUPP,NE,NE,NE,NE,NE,NE,NE,NE,NE,NE,NE,NE,NE,NE,NE,NE,NE,NE,NE,NE,NE,NE,NE,NE,NE,NE,NE,NE,NE,NE,NE,NE,NE,NE,NE,NE,NE,NE,NE,NE,NE,NE,NE,NE,NE,NE,NE,NE,NE,NE,NE,NE,NE,NE,NE,NE,NE,NE,SUPP,SUPP,SUPP,SUPP,SUPP,SUPP,SUPP,SUPP,SUPP,SUPP,SUPP,SUPP,SUPP,SUPP,SUPP,SUPP,SUPP,SUPP,SUPP,SUPP,SUPP,SUPP,SUPP,SUPP,SUPP,SUPP,SUPP,SUPP,SUPP,SUPP,SUPP,SUPP,SUPP,SUPP,SUPP,SUPP,SUPP,SUPP,SUPP,SUPP,SUPP,SUPP,SUPP,SUPP,SUPP,SUPP,SUPP,SUPP,SUPP,SUPP,SUPP,SUPP,SUPP,SUPP,SUPP,SUPP,NE,NE,NE,NE,NE,NE,NE,NE,NE,SUPP,SUPP,SUPP,SUPP,SUPP,SUPP,SUPP,SUPP,SUPP,NE,NE,NE,NE,NE,NE,NE,NE,NE,NE,NE,NE,NE,NE,NE,NE,NE,NE,NE,NE,NE,NE,NE,NE,SUPP,SUPP,SUPP,SUPP,SUPP,SUPP,SUPP,SUPP,SUPP,SUPP,SUPP,SUPP,SUPP,SUPP,SUPP,SUPP,SUPP,SUPP,SUPP,SUPP,SUPP,SUPP,SUPP,SUPP,SUPP,SUPP,SUPP,SUPP,SUPP,SUPP,SUPP,SUPP,SUPP,SUPP,SUPP,SUPP,SUPP,SUPP,SUPP,SUPP,SUPP,SUPP,SUPP,SUPP,SUPP,SUPP,SUPP,SUPP,SUPP,SUPP,SUPP,SUPP,SUPP,SUPP,SUPP,SUPP,SUPP,SUPP,SUPP,SUPP,SUPP,SUPP,SUPP,SUPP,SUPP,SUPP,SUPP,SUPP,SUPP,SUPP,SUPP,SUPP,SUPP,SUPP,SUPP,NE,NE,NE,NE,SUPP,SUPP,SUPP,SUPP,NE,NE,NE,NE,SUPP,SUPP,SUPP,SUPP,SUPP,SUPP,NE,SUPP,NE,SUPP,SUPP,NE,SUPP,NE,SUPP,SUPP,NE,SUPP,NE,SUPP,SUPP,SUPP,SUPP,SUPP,SUPP,NE,NE,SUPP,SUPP,NE,NE,SUPP,SUPP,SUPP,SUPP,NE,NE,SUPP,SUPP,NE,NE,SUPP,SUPP,SUPP,SUPP,NE,NE,SUPP,SUPP,NE,NE,SUPP,SUPP,SUPP,SUPP,SUPP,SUPP,SUPP,SUPP,SUPP,SUPP,SUPP,SUPP,SUPP,SUPP,SUPP,NE,NE,NE,SUPP,SUPP,NA,SUPP,SUPP,NA,SUPP,SUPP,SUPP,SUPP,SUPP,SUPP,NE,SUPP,0%,NE,SUPP,SUPP,SUPP,SUPP,SUPP,SUPP,NE,NE,SUPP,SUPP,NE,NE,SUPP,SUPP,NE,SUPP,SUPP,SUPP,NE,NE,SUPP,SUPP,NE,NE,SUPP,SUPP,NE,SUPP,SUPP,SUPP,SUPP,SUPP,SUPP,SUPP,SUPP,SUPP,NE,NE,SUPP,SUPP,SUPP,SUPP,SUPP,SUPP,SUPP,SUPP,NE,NE,SUPP,NE,SUPP,SUPP,SUPP,SUPP,SUPP,SUPP,NE,NE,SUPP,NE,SUPP,SUPP,SUPP,SUPP,SUPP,SUPP
4,890,,,,,,,,,,,,,,,,,,,,,,,,,7276,3770,3506,1156,619,54%,537,47%,27.8,165,15%,558,51%,380,35%,505,44%,651,56%,94,8%,1062,92%,0,0%,1093,95%,45,4%,174,15%,219,19%,43717.8,37.8,9228,8,8490,7.3,12378.5,10.7,13621.3,11.8,8997.5,7.8,4623.8,4,2.7,2.7,1103,27,95%,-0.62,-0.7,-0.54,-0.64,-0.72,-0.57,-0.78,-0.87,-0.69,-0.55,-0.63,-0.47,-0.64,-0.73,-0.55,-0.61,-0.7,-0.52,48%,26%,3580.29,3.1,2.45,3.6,1.21,2.78,4.4,4.02,3.33,2.9,3.15,3.1,2.5,3.58,247,21%,7%,4%,1095,95%,1115,97%,1084,94%,783,68%,381,33%,60%,41%,55%,34%,52%,32%,41%,28%,52%,38%,,,,,,,,,,,,,689,469,641,387,559,341,318,219,197,143,235,20%,1062,92%,1067,92%,1064,98%,732,94%,369,97%,30.5,489,22,-0.99,-1.1,-0.88,-1.04,-1.15,-0.92,43.5,614,5,-0.32,-0.43,-0.22,-0.33,-0.43,-0.23,6.5,-1.19,-1.33,-1.05,5.8,-0.95,-1.07,-0.83,8.5,-1.02,-1.15,-0.88,9.7,-1.01,-1.14,-0.88,9.1,-0.45,-0.58,-0.33,8.5,-0.24,-0.35,-0.13,12.5,-0.34,-0.46,-0.22,13.4,-0.3,-0.42,-0.18,6.2,3.5,9,4.3,-19.8,-1.12,16.4,165,0,-0.67,-0.86,-0.47,-0.67,-0.86,-0.47,34.5,558,15,-0.57,-0.68,-0.46,-0.58,-0.69,-0.48,52.2,380,12,-0.67,-0.8,-0.54,-0.72,-0.85,-0.59,45.5,8.9,8.6,14.5,13.6,9.2,4.4,61,0,0.48,0.16,0.8,0.48,0.15,0.81,41.1,9,7.5,11.2,13.3,9,4.3,515,9,-0.39,-0.5,-0.28,-0.4,-0.52,-0.29,35,7.1,7.2,10.3,10.5,6.7,3.8,588,18,-0.82,-0.93,-0.72,-0.85,-0.96,-0.75,38.5,8.1,7.5,10.9,12,7.9,4.1,1050,26,-0.59,-0.67,-0.52,-0.62,-0.7,-0.54,38.8,1150,-0.56,-0.63,-0.49,33,490,-0.83,-0.94,-0.72,43,660,-0.36,-0.45,-0.26,38.5,1106,-0.64,-0.71,-0.56,32.2,491,-0.9,-1.01,-0.79,43.5,615,-0.43,-0.53,-0.33,9,5.50%,0.00%,0.00%,117,21%,4%,1%,107,28%,15%,9%,14%,28%,4%,2%,10%,5%,,,,,,,,,,,,,,,,,,,,,,,,,,,,,,,,,,,,,,,,,,,,,,20%,9%,8%,15%,7%,4%,20%,5%,2%,23%,10%,5%,22%,8%,4%,38%,21%,13%,13%,3%,NA,26%,3%,NA,11%,3%,1%,19%,10%,6%,43%,46%,0%,97%,48%,27%,47%,27%,31%,61%,6,4%,216,39%,312,82%,43%,54%,54%,49%,15%,35%,2,1%,66,12%,228,60%,21%,32%,37%,27%,35%,17%,58%,35%,33%,14%,59%,37%,1%,25%,498,42%,692,58%,503,44%,633,56%,7.9,6,7.8,8.7,7.2,8.4,8.5,9.1,7.6,8.3,6.8,4.9,6.7,7.9,6.2,7.3,7.4,8.2,8.4,9.2,5
5,,,,,,,,,,,,,,,,,,,,,,,,,,3786877,1921892,1864985,604963,310671,51%,294292,49%,,,,,,,,,,,,,,,,,,,,,,,,,,27037879,44.7,5691754.5,9.4,5133678.9,8.5,7908572.2,13.1,8303873.5,13.7,6855491.8,11.3,1448381.7,2.4,2.7,2.7,,,,,,,,,,,,,,,,,,,,,,60%,40%,2342537.5,3.87,,,,,,,4.15,,4.07,3.85,, ,221334,37%,23%,16%,540108,89%,551798,91%,541518,90%,460276,76%,275199,46%,71%,57%,65%,46%,66%,48%,64%,52%,72%,57%,,,,,,,,,,,,,429166,344887,395391,278417,357934,259110,294625,237858,197887,155969,214725,36%,537325,89%,541792,90%,533402,99%,449305,98%,270901,98%,,,,,,,,,,,,,,,,,,,,,,,,,,,,,,,,,,,,,,,,,,,,,,,,,,,,,,,,,,,,,,,,,,,,,,,,,,,,,,,,,,,,,,,,,,,,,,,,,,,47.8,10.4,8.6,13.8,15.1,12.7,2.4,,,,,,,,,41.7,8.5,8.4,12.4,12.5,10.1,2.4,,,,,,,,,,,,,,,,,,,,,,,,44.6, , , , , , , , , , , , , , ,44.5, , , , , , , , , , , , , , ,,,,,,,,,,,,,,,,,,,,,,,,,,,,,,,,,,,,,,,,,,,,,,,,,,,,,,,,,,,,,,,,35%,22%,20%,35%,22%,15%,31%,18%,12%,42%,28%,20%,,,,,,,, ,NA,, ,NA,, , ,, , ,56%,57%,1%,96%,59%,40%,59%,40%,,,,,,,,,56%,64%,,,,,,,,,,,37%,44%,,, , , , , , , , ,3%,25%,,,,,,,,,7.7,,,,,,,,,,7.1
7,,,,,,,,,,,,,,,,,,,,,,,,,,3366207,1710775,1655432,542621,276670,51%,265951,49%,28.6,60688,12%,228580,45%,223661,44%,143816,27%,398805,74%,90069,17%,450082,83%,1332,0%,522936,96%,20373,4%,56580,10%,76953,14%,25335160.8,46.7,5396943.1,9.9,4918664.9,9.1,7310635.9,13.5,7708916.9,14.2,6280931.7,11.6,1427985.3,2.6,2.8,2.8,512929,4876,95%,-0.03,,,-0.03,,,-0.04,,,-0.02,,,-0.03,,,-0.04,,,65%,43%,2210757.15,4.07,3.08,4.43,1.62,3.34,5.52,4.27,4.32,3.84,4.13,4.04,3.07,4.4,216986,40%,25%,17%,520101,96%,527884,97%,518775,96%,437430,81%,253176,47%,76%,61%,70%,49%,65%,47%,63%,50%,70%,54%,,,,,,,,,,,,,411321,328633,379948,266541,338843,242739,274291,219203,177708,137628,210539,39%,517415,95%,519139,96%,511081,99%,426624,98%,249166,98%,36.7,138026,2666,-0.45,-0.45,-0.44,-0.46,-0.47,-0.45,50.3,374903,2210,0.13,0.12,0.13,0.12,0.12,0.13,8.1,-0.44,-0.45,-0.43,7,-0.39,-0.4,-0.39,10.2,-0.5,-0.5,-0.49,11.4,-0.48,-0.48,-0.47,10.6,0.11,0.1,0.11,9.8,0.11,0.11,0.12,14.7,0.14,0.13,0.14,15.2,0.12,0.12,0.13,8.4,3,12.7,2.5,,,21.2,60688,0,-0.22,-0.23,-0.21,-0.22,-0.23,-0.21,40.1,228580,2225,-0.02,-0.02,-0.01,-0.02,-0.02,-0.01,60.9,223661,2651,0.01,0.01,0.02,0,0,0.01,47.6,9.9,9.2,14.3,14.2,12,2.2,72683,249,0.48,0.47,0.49,0.48,0.47,0.48,49.5,10.9,9.1,14.1,15.4,12.8,2.6,251912,1744,0.22,0.22,0.23,0.22,0.21,0.22,44,9.1,9,12.9,13,10.4,2.7,261017,3132,-0.27,-0.28,-0.27,-0.28,-0.28,-0.27,47.3,10.1,9.2,13.6,14.4,11.8,2.7,499873,4248,0,0,0,-0.01,-0.01,0,46.3,498795,-0.03, , ,37,137336,-0.4,-0.41,-0.39,49.8,361459,0.11,0.1,0.11,46.5,494832,-0.02, , ,36.7,135197,-0.44,-0.44,-0.43,50.1,359635,0.13,0.13,0.14,5714,9.40%,0.90%,0.30%,68676,30%,11%,4%,130587,58%,46%,35%,28%,45%,13%,7%,29%,21%,0,0,0.01,-0.35,0.12,0,-0.01,0.01,-0.47,0.15,0,0,0,-0.19,0.05,,,,,,,,,,,,,,,,,,,,,,,,,,,,,,,38%,24%,21%,38%,24%,17%,34%,20%,13%,46%,30%,21%,41%,26%,18%,49%,29%,20%,25%,12%,NA,43%,10%,NA,26%,12%,7%,43%,29%,20%,60%,61%,1%,98%,64%,43%,64%,43%,45%,72%,5021,8%,122104,53%,207459,93%,61%,68%,64%,66%,25%,50%,1151,2%,51234,22%,171126,77%,40%,47%,44%,44%,44%,25%,71%,49%,45%,25%,72%,50%,3%,27%,143544,27%,384200,73%,141134,27%,382502,73%,8.2,6.2,8,9,7.4,8.4,8.7,9.6,7.6,8.5,7.5,5.4,7.1,8.5,6.6,7.8,7.9,9,6.9,8.1